Headlines Date,Headlines Source,Headlines Url
3/2/2015,ValueWalk,http://feedproxy.google.com/~r/valuewalk/tNbc/~3/_ZOdehrz7hM/
3/2/2015,ValueWalk,http://feedproxy.google.com/~r/valuewalk/tNbc/~3/HqoU9nolaHI/
3/2/2015,ValueWalk,http://feedproxy.google.com/~r/valuewalk/tNbc/~3/QXALarKvpD8/
3/2/2015,ValueWalk,http://feedproxy.google.com/~r/valuewalk/tNbc/~3/Q1eKUhlsHaI/
3/2/2015,ValueWalk,http://feedproxy.google.com/~r/valuewalk/tNbc/~3/nPvwywUbUAE/
3/2/2015,ValueWalk,http://feedproxy.google.com/~r/valuewalk/tNbc/~3/KkxR-mKd9Uo/
3/3/2015,ValueWalk,http://feedproxy.google.com/~r/valuewalk/tNbc/~3/tjrl_DvXTUw/
3/3/2015,ValueWalk,http://feedproxy.google.com/~r/valuewalk/tNbc/~3/x_1qlTKxYMg/
3/3/2015,ValueWalk,http://feedproxy.google.com/~r/valuewalk/tNbc/~3/tC00jLhZuCg/
